id	start_pos	end_pos	repeat_number	repeat_sequence	sequence_length
CAJRAI010000262.1	180290	215755	54	AATTG	5
CAJRAI010000296.1	195655	199900	79	TTTTT	5
CAJRAI010000304.1	82730	88005	118	AAAAA	5
CAJRAI010000308.1	19135	23165	61	TTTTT	5
CAJRAI010000309.1	905	3215	78	AAAAA	5
CAJRAI010000305.1	5	1865	53	TTTTT	5
CAJRAI010000311.1	9390	12315	94	TTTTT	5
CAJRAI010000314.1	115	3210	81	TTTTT	5
CAJRAI010000323.1	8075	14435	99	TTTTT	5
CAJRAI010000313.1	72030	76170	102	AAAAA	5
OU015492.1	88386	111186	62	ATATAT	6
OU015492.1	231518886	231521682	84	ATATAT	6
OU015493.1	221093130	221094474	59	ATATAT	6
OU015494.1	220730484	220733040	58	TATATA	6
OU015494.1	220748022	220756764	61	TATATA	6
OU015496.1	63276	67584	194	TATATA	6
OU015496.1	114846	116106	52	ATATAT	6
OU015497.1	2262	4980	90	ATATAT	6
OU015497.1	111048	114090	66	ATATAT	6
OU015497.1	120600	121866	55	TATATA	6
OU015497.1	134184	144972	133	TATATA	6
OU015498.1	47664	53442	84	ATATAT	6
OU015499.1	101742	104958	73	TATATA	6
CAJRAI010000004.1	4434	8070	61	TATATA	6
CAJRAI010000017.1	16104	20382	72	TATATA	6
CAJRAI010000017.1	29784	33564	65	TATATA	6
CAJRAI010000022.1	6084	13740	105	TATATA	6
CAJRAI010000024.1	2202	8196	98	ATATAT	6
CAJRAI010000024.1	21924	22902	52	TATATA	6
CAJRAI010000031.1	32472	35046	69	TATATA	6
CAJRAI010000031.1	35514	46152	63	TATATA	6
CAJRAI010000031.1	62718	71862	57	TATATA	6
CAJRAI010000034.1	654	3102	51	TATATA	6
CAJRAI010000034.1	17196	27660	70	ATATAT	6
CAJRAI010000036.1	13914	16752	66	ATATAT	6
CAJRAI010000036.1	28890	30402	78	ATATAT	6
CAJRAI010000036.1	41142	41850	55	TATATA	6
CAJRAI010000039.1	20610	23586	69	ATATAT	6
CAJRAI010000040.1	16422	22410	129	TATATA	6
CAJRAI010000040.1	24888	27732	100	TATATA	6
CAJRAI010000050.1	91866	93222	57	ATATAT	6
CAJRAI010000058.1	28182	31824	54	TATATA	6
CAJRAI010000062.1	16272	17238	51	ATATAT	6
CAJRAI010000062.1	39198	39870	60	ATATAT	6
CAJRAI010000062.1	41040	42726	58	TATATA	6
CAJRAI010000067.1	8322	21726	276	TATATA	6
CAJRAI010000072.1	55758	59112	69	ATATAT	6
CAJRAI010000081.1	23004	26544	62	TATATA	6
CAJRAI010000086.1	9312	13692	52	ATATAT	6
CAJRAI010000087.1	12660	15588	53	TATATA	6
CAJRAI010000088.1	6366	12972	53	TATATA	6
CAJRAI010000098.1	1308	9870	61	ATATAT	6
CAJRAI010000098.1	9888	10488	59	ATATAT	6
CAJRAI010000098.1	13008	16548	92	ATATAT	6
CAJRAI010000097.1	45360	54312	90	ATATAT	6
CAJRAI010000097.1	56592	63612	59	TATATA	6
CAJRAI010000097.1	76206	88986	120	ATATAT	6
CAJRAI010000093.1	6	3132	74	TATATA	6
CAJRAI010000106.1	5250	11088	53	ATATAT	6
CAJRAI010000106.1	23196	26046	63	ATATAT	6
CAJRAI010000107.1	26514	27936	54	ATATAT	6
CAJRAI010000109.1	3234	11340	80	ATATAT	6
CAJRAI010000108.1	32076	37638	93	TATATA	6
CAJRAI010000108.1	89826	95448	51	ATATAT	6
CAJRAI010000114.1	14244	24156	63	ATATAT	6
CAJRAI010000114.1	61302	67632	115	TATATA	6
CAJRAI010000114.1	83100	88896	77	TATATA	6
CAJRAI010000114.1	120468	127284	56	ATATAT	6
CAJRAI010000126.1	14076	24306	60	ATATAT	6
CAJRAI010000126.1	25668	29958	98	ATATAT	6
CAJRAI010000118.1	51654	54768	56	ATATAT	6
CAJRAI010000118.1	65412	75108	76	TATATA	6
CAJRAI010000118.1	142332	149370	74	TATATA	6
CAJRAI010000118.1	322410	328350	59	ATATAT	6
CAJRAI010000118.1	334872	344256	71	ATATAT	6
CAJRAI010000118.1	350220	356928	54	ATATAT	6
CAJRAI010000140.1	9066	13092	52	TATATA	6
CAJRAI010000140.1	13110	21552	94	TATATA	6
CAJRAI010000140.1	22776	23604	52	ATATAT	6
CAJRAI010000141.1	18246	25812	78	TATATA	6
CAJRAI010000142.1	4254	8310	56	ATATAT	6
CAJRAI010000153.1	7782	14202	127	TATATA	6
CAJRAI010000152.1	25716	26712	83	ATATAT	6
CAJRAI010000152.1	60642	73134	81	ATATAT	6
CAJRAI010000155.1	852	12072	79	TATATA	6
CAJRAI010000156.1	2004	5154	89	ATATAT	6
CAJRAI010000158.1	42384	43584	55	TATATA	6
CAJRAI010000163.1	2778	8232	87	ATATAT	6
CAJRAI010000163.1	9774	17124	61	ATATAT	6
CAJRAI010000163.1	53310	62652	110	ATATAT	6
CAJRAI010000165.1	5346	7614	77	ATATAT	6
CAJRAI010000168.1	25620	28470	101	TATATA	6
CAJRAI010000162.1	5322	6870	64	TATATA	6
CAJRAI010000162.1	78954	86874	77	TATATA	6
CAJRAI010000162.1	99462	114210	127	TATATA	6
CAJRAI010000170.1	17064	20436	85	ATATAT	6
CAJRAI010000170.1	20472	28896	66	ATATAT	6
CAJRAI010000173.1	15216	22482	61	TATATA	6
CAJRAI010000172.1	852	1962	52	ATATAT	6
CAJRAI010000172.1	22566	39024	67	TATATA	6
CAJRAI010000172.1	39216	42666	70	ATATAT	6
CAJRAI010000172.1	54036	55398	54	ATATAT	6
CAJRAI010000174.1	10698	15762	88	TATATA	6
CAJRAI010000169.1	198	6186	122	TATATA	6
CAJRAI010000169.1	6336	11436	116	TATATA	6
CAJRAI010000169.1	11586	14616	71	TATATA	6
CAJRAI010000175.1	9000	13626	97	TATATA	6
CAJRAI010000183.1	15180	17112	83	ATATAT	6
CAJRAI010000183.1	19662	22512	53	TATATA	6
CAJRAI010000181.1	73188	90810	68	TATATA	6
CAJRAI010000181.1	140880	145008	54	TATATA	6
CAJRAI010000187.1	2562	6462	55	TATATA	6
CAJRAI010000192.1	9234	15240	52	TATATA	6
CAJRAI010000192.1	30546	47250	142	TATATA	6
CAJRAI010000192.1	125292	134142	54	ATATAT	6
CAJRAI010000193.1	377172	378348	57	TATATA	6
CAJRAI010000193.1	389022	390738	61	TATATA	6
CAJRAI010000196.1	10332	15852	57	ATATAT	6
CAJRAI010000196.1	43854	47778	51	TATATA	6
CAJRAI010000195.1	7800	8532	61	TATATA	6
CAJRAI010000195.1	16404	19158	51	TATATA	6
CAJRAI010000195.1	56352	76698	122	TATATA	6
CAJRAI010000201.1	6570	15318	112	TATATA	6
CAJRAI010000208.1	9714	10830	61	ATATAT	6
CAJRAI010000206.1	28728	38910	68	TATATA	6
CAJRAI010000210.1	7896	9174	106	TATATA	6
CAJRAI010000214.1	9456	11868	59	ATATAT	6
CAJRAI010000217.1	23832	29754	80	TATATA	6
CAJRAI010000218.1	30318	33390	72	TATATA	6
CAJRAI010000215.1	6114	12936	92	ATATAT	6
CAJRAI010000213.1	13278	15564	54	TATATA	6
CAJRAI010000226.1	36720	42474	55	ATATAT	6
CAJRAI010000229.1	18	684	52	TATATA	6
CAJRAI010000229.1	17190	20676	51	ATATAT	6
CAJRAI010000237.1	18984	28044	78	TATATA	6
CAJRAI010000240.1	78834	81216	57	ATATAT	6
CAJRAI010000249.1	12546	17694	57	ATATAT	6
CAJRAI010000253.1	2172	8388	59	ATATAT	6
CAJRAI010000252.1	78402	93156	61	TATATA	6
CAJRAI010000252.1	104448	106140	78	ATATAT	6
CAJRAI010000252.1	398382	419994	52	ATATAT	6
CAJRAI010000266.1	1920	7752	68	TATATA	6
CAJRAI010000266.1	29562	34614	69	TATATA	6
CAJRAI010000277.1	9924	29580	103	ATATAT	6
CAJRAI010000280.1	53646	62436	61	TATATA	6
CAJRAI010000281.1	23082	39438	60	ATATAT	6
CAJRAI010000289.1	4470	8742	79	ATATAT	6
CAJRAI010000290.1	29532	32058	53	ATATAT	6
CAJRAI010000287.1	576	7572	52	ATATAT	6
CAJRAI010000287.1	46104	52050	59	TATATA	6
CAJRAI010000287.1	70836	71526	51	ATATAT	6
CAJRAI010000287.1	77052	78390	55	TATATA	6
CAJRAI010000287.1	88206	88884	66	TATATA	6
CAJRAI010000287.1	91578	92934	53	ATATAT	6
CAJRAI010000287.1	122742	123864	53	ATATAT	6
CAJRAI010000287.1	124734	128016	75	ATATAT	6
CAJRAI010000287.1	166806	169656	53	ATATAT	6
CAJRAI010000293.1	10800	12360	94	ATATAT	6
CAJRAI010000293.1	53556	55122	93	ATATAT	6
CAJRAI010000292.1	57366	58158	57	TATATA	6
CAJRAI010000292.1	58170	67194	128	ATATAT	6
CAJRAI010000292.1	104304	106812	61	TATATA	6
CAJRAI010000295.1	224268	226830	101	TATATA	6
CAJRAI010000295.1	230586	240018	175	ATATAT	6
CAJRAI010000300.1	10212	13062	54	ATATAT	6
CAJRAI010000301.1	44826	45672	66	TATATA	6
CAJRAI010000296.1	147840	151590	70	TATATA	6
CAJRAI010000309.1	912	3216	56	AAAAAA	6
CAJRAI010000304.1	80550	87624	84	AAAAAA	6
CAJRAI010000310.1	1908	4800	52	ATATAT	6
CAJRAI010000311.1	10644	13152	54	TTTTTT	6
CAJRAI010000312.1	32724	34758	63	ATATAT	6
CAJRAI010000319.1	10194	13704	69	TATATA	6
CAJRAI010000319.1	50046	53568	55	ATATAT	6
CAJRAI010000320.1	4974	5730	62	GTGTGT	6
CAJRAI010000313.1	111528	115848	103	TATATA	6
CAJRAI010000313.1	137682	138402	56	ATATAT	6
CAJRAI010000323.1	9786	13092	51	TTTTTT	6
CAJRAI010000325.1	55968	65262	52	TATATA	6
CAJRAI010000335.1	117990	125340	58	TATATA	6
CAJRAI010000335.1	169170	176160	53	TATATA	6
CAJRAI010000335.1	232572	238296	58	ATATAT	6
CAJRAI010000337.1	18528	35454	115	TATATA	6
CAJRAI010000334.1	43470	47064	63	TATATA	6
CAJRAI010000334.1	132678	141870	53	ATATAT	6
CAJRAI010000338.1	21078	31350	78	ATATAT	6
CAJRAI010000343.1	1254	6180	83	ATATAT	6
CAJRAI010000336.1	47610	68958	82	ATATAT	6
CAJRAI010000353.1	4194	6816	58	TATATA	6
CAJRAI010000348.1	100608	111144	74	TATATA	6
CAJRAI010000348.1	177930	180378	51	ATATAT	6
CAJRAI010000345.1	1914	8046	71	ATATAT	6
CAJRAI010000345.1	276486	283260	58	ATATAT	6
CAJRAI010000345.1	283260	285582	75	GTGTGT	6
CAJRAI010000359.1	41442	45342	95	ATATAT	6
CAJRAI010000364.1	1032	6564	54	ATATAT	6
CAJRAI010000364.1	6576	9924	80	TATATA	6
CAJRAI010000362.1	12528	15546	96	ATATAT	6
CAJRAI010000362.1	41508	49914	95	TATATA	6
CAJRAI010000369.1	12150	15978	51	TATATA	6
CAJRAI010000377.1	3702	7992	76	ATATAT	6
CAJRAI010000380.1	2100	10176	62	ATATAT	6
CAJRAI010000400.1	486	4164	80	ATATAT	6
CAJRAI010000396.1	398352	401742	83	ATATAT	6
CAJRAI010000414.1	4350	10824	84	TATATA	6
CAJRAI010000416.1	186	7662	52	TATATA	6
CAJRAI010000415.1	18324	24762	54	ATATAT	6
CAJRAI010000415.1	26844	31128	63	ATATAT	6
CAJRAI010000415.1	31158	40998	95	ATATAT	6
CAJRAI010000417.1	9036	11850	88	TATATA	6
CAJRAI010000417.1	49134	52308	79	TATATA	6
CAJRAI010000418.1	8334	9030	86	ATATAT	6
CAJRAI010000419.1	28782	42114	94	ATATAT	6
OU015502.1	149218446	149221002	64	ATATAT	6
OU015502.1	149221548	149223480	53	TATATA	6
OU015502.1	149345946	149352276	57	ACAACA	6
OU015503.1	31692	38196	52	ATATAT	6
OU015503.1	129946470	129949860	83	TATATA	6
CAJRAI010000304.1	82978	87143	60	AAAAAAA	7
CAJRAI010000311.1	9597	13083	55	TTTTTTT	7
CAJRAI010000313.1	70658	76041	67	AAAAAAA	7
OU015490.1	57232	104424	61	ATATATAT	8
OU015492.1	231519560	231524552	77	TATATATA	8
OU015492.1	231595672	231616672	68	ATATATAT	8
OU015494.1	144896	179896	76	TATATATA	8
OU015494.1	220732808	220756760	56	TATATATA	8
OU015496.1	62752	66328	67	TATATATA	8
OU015496.1	66344	68296	56	TATATATA	8
OU015496.1	111200	116464	75	ATATATAT	8
OU015497.1	119696	121864	53	TATATATA	8
OU015497.1	134712	150504	74	ATATATAT	8
OU015497.1	200212616	200262688	68	TATATATA	8
OU015499.1	88	18280	68	AACAAACA	8
OU015499.1	97464	104952	53	TATATATA	8
CAJRAI010000017.1	4408	13008	65	ATATATAT	8
CAJRAI010000017.1	22800	33560	74	TATATATA	8
CAJRAI010000022.1	9456	21320	53	ATATATAT	8
CAJRAI010000024.1	1616	11544	79	TATATATA	8
CAJRAI010000028.1	1264	38368	52	ATATATAT	8
CAJRAI010000032.1	26072	32776	329	ACATACAT	8
CAJRAI010000036.1	12408	21160	72	ATATATAT	8
CAJRAI010000036.1	26368	29632	78	TATATATA	8
CAJRAI010000039.1	7720	23088	93	ATATATAT	8
CAJRAI010000040.1	17976	21984	51	TATATATA	8
CAJRAI010000040.1	24120	25776	59	TATATATA	8
CAJRAI010000058.1	16472	31824	70	TATATATA	8
CAJRAI010000031.1	33888	35368	58	TATATATA	8
CAJRAI010000062.1	39192	44040	82	TATATATA	8
CAJRAI010000067.1	8736	12864	69	ATATATAT	8
CAJRAI010000067.1	12920	14640	60	TATATATA	8
CAJRAI010000072.1	53816	59104	53	ATATATAT	8
CAJRAI010000098.1	13008	15544	56	ATATATAT	8
CAJRAI010000097.1	76096	93264	104	TATATATA	8
CAJRAI010000104.1	40328	47376	74	ATATATAT	8
CAJRAI010000108.1	25504	34944	70	ATATATAT	8
CAJRAI010000114.1	59568	70928	85	ATATATAT	8
CAJRAI010000126.1	23728	29848	96	ATATATAT	8
CAJRAI010000118.1	318448	335864	85	TATATATA	8
CAJRAI010000140.1	10600	20936	63	ATATATAT	8
CAJRAI010000153.1	320	24328	99	TATATATA	8
CAJRAI010000165.1	5344	7608	56	ATATATAT	8
CAJRAI010000162.1	127928	152168	71	ATATATAT	8
CAJRAI010000168.1	25616	28464	68	TATATATA	8
CAJRAI010000169.1	3720	8680	70	ATATATAT	8
CAJRAI010000169.1	8712	13752	65	ATATATAT	8
CAJRAI010000169.1	13944	19936	59	TATATATA	8
CAJRAI010000173.1	1368	22328	57	ATATATAT	8
CAJRAI010000172.1	1656	2912	52	TATATATA	8
CAJRAI010000172.1	32920	42664	82	ATATATAT	8
CAJRAI010000172.1	52984	79712	78	TATATATA	8
CAJRAI010000174.1	12368	22704	65	ATATATAT	8
CAJRAI010000174.1	42352	59184	59	TATATATA	8
CAJRAI010000175.1	3888	10256	62	ATATATAT	8
CAJRAI010000182.1	2984	17728	53	TATATATA	8
CAJRAI010000183.1	15176	18656	90	TATATATA	8
CAJRAI010000163.1	8	16312	102	TATATATA	8
CAJRAI010000163.1	17736	29840	53	ATATATAT	8
CAJRAI010000163.1	55864	62648	77	ATATATAT	8
CAJRAI010000181.1	55432	79320	63	ATATATAT	8
CAJRAI010000187.1	2136	17000	57	ATATATAT	8
CAJRAI010000192.1	29448	47168	90	TATATATA	8
CAJRAI010000193.1	384408	390728	58	TATATATA	8
CAJRAI010000196.1	27648	33176	75	ATATATAT	8
CAJRAI010000196.1	44584	48144	54	TATATATA	8
CAJRAI010000195.1	7832	11952	62	TATATATA	8
CAJRAI010000195.1	55368	83912	81	ATATATAT	8
CAJRAI010000208.1	9704	19016	54	ATATATAT	8
CAJRAI010000210.1	8008	16968	60	ATATATAT	8
CAJRAI010000215.1	2160	12928	64	ATATATAT	8
CAJRAI010000215.1	55832	78112	71	ATATATAT	8
CAJRAI010000217.1	22400	28776	51	TATATATA	8
CAJRAI010000218.1	30312	35656	74	TATATATA	8
CAJRAI010000222.1	12696	37096	55	TATATATA	8
CAJRAI010000226.1	30424	39360	56	ATATATAT	8
CAJRAI010000229.1	24	16304	69	ATATATAT	8
CAJRAI010000206.1	28176	37184	64	ATATATAT	8
CAJRAI010000225.1	32752	44432	71	ATATATAT	8
CAJRAI010000237.1	2632	28104	62	TATATATA	8
CAJRAI010000248.1	1592	11280	60	TATATATA	8
CAJRAI010000249.1	2584	21352	72	TATATATA	8
CAJRAI010000251.1	11336	67512	61	ATATATAT	8
CAJRAI010000252.1	392696	419992	57	ATATATAT	8
CAJRAI010000266.1	3368	18520	92	ATATATAT	8
CAJRAI010000277.1	9912	12168	55	ATATATAT	8
CAJRAI010000287.1	71000	78384	83	TATATATA	8
CAJRAI010000287.1	88120	92928	75	ATATATAT	8
CAJRAI010000287.1	124064	141472	77	TATATATA	8
CAJRAI010000291.1	1088	8480	304	ATGTATGT	8
CAJRAI010000291.1	46024	59520	58	TATATATA	8
CAJRAI010000292.1	58472	67040	64	ATATATAT	8
OU015500.1	139424	189816	52	ATATATAT	8
CAJRAI010000295.1	224256	226824	67	TATATATA	8
CAJRAI010000316.1	21624	31120	269	TACTTACT	8
CAJRAI010000314.1	25960	40224	53	ATATATAT	8
CAJRAI010000319.1	17248	23432	227	TGTATGTA	8
CAJRAI010000335.1	37784	71392	51	TATATATA	8
CAJRAI010000343.1	1280	6176	57	ATATATAT	8
CAJRAI010000348.1	93296	123824	110	TATATATA	8
CAJRAI010000359.1	44512	45320	54	TATATATA	8
CAJRAI010000362.1	10664	15536	63	ATATATAT	8
CAJRAI010000362.1	54808	78968	58	ATATATAT	8
CAJRAI010000400.1	648	8536	60	TATATATA	8
CAJRAI010000415.1	31688	40976	61	ATATATAT	8
CAJRAI010000418.1	6776	9024	57	ATATATAT	8
CAJRAI010000419.1	30000	41600	56	ATATATAT	8
CAJRAI010000420.1	3096	17984	55	ATATATAT	8
CAJRAI010000417.1	38856	56008	85	TATATATA	8
OU015503.1	28632	45312	53	TATATATA	8
OU015503.1	129936072	129949856	57	TATATATA	8
OU015490.1	20820	132530	75	ATATATATAT	10
OU015491.1	131010	235070	59	ATATATATAT	10
OU015492.1	231518850	231536820	62	TATATATATA	10
OU015492.1	231569930	231616670	73	ATATATATAT	10
OU015496.1	107940	145010	78	ATATATATAT	10
OU015497.1	1910	99700	103	TATATATATA	10
OU015497.1	128350	150500	69	ATATATATAT	10
OU015499.1	21280	97440	52	ATATATATAT	10
OU015499.1	169300390	169336880	60	TATATATATA	10
CAJRAI010000017.1	21890	33560	62	TATATATATA	10
CAJRAI010000023.1	23940	39070	59	TATATATATA	10
CAJRAI010000022.1	6370	52200	86	TATATATATA	10
CAJRAI010000034.1	470	26710	53	ATATATATAT	10
CAJRAI010000039.1	4970	23510	89	ATATATATAT	10
CAJRAI010000040.1	15820	32600	123	ATATATATAT	10
CAJRAI010000062.1	15920	37300	51	ATATATATAT	10
CAJRAI010000062.1	37500	42720	55	TATATATATA	10
CAJRAI010000067.1	8570	24710	114	TATATATATA	10
CAJRAI010000075.1	24430	64450	70	TATATATATA	10
CAJRAI010000093.1	1210	40640	61	ATATATATAT	10
CAJRAI010000098.1	2450	15410	77	TATATATATA	10
CAJRAI010000097.1	45350	99580	184	TATATATATA	10
CAJRAI010000108.1	17210	81540	142	TATATATATA	10
CAJRAI010000114.1	4190	32790	52	ATATATATAT	10
CAJRAI010000114.1	70970	93220	62	TATATATATA	10
CAJRAI010000114.1	110160	123740	55	TATATATATA	10
CAJRAI010000114.1	153850	181110	55	ATATATATAT	10
CAJRAI010000141.1	13090	48570	83	TATATATATA	10
CAJRAI010000118.1	130	51600	61	TATATATATA	10
CAJRAI010000118.1	129600	149040	91	TATATATATA	10
CAJRAI010000118.1	318440	361680	131	TATATATATA	10
CAJRAI010000151.1	5250	14850	53	TATATATATA	10
CAJRAI010000153.1	320	24320	66	TATATATATA	10
CAJRAI010000156.1	25600	38450	55	TATATATATA	10
CAJRAI010000152.1	21620	30820	95	ATATATATAT	10
CAJRAI010000152.1	41470	75760	67	TATATATATA	10
CAJRAI010000163.1	10	47610	136	ATATATATAT	10
CAJRAI010000163.1	47630	62640	67	ATATATATAT	10
CAJRAI010000168.1	23620	28460	51	TATATATATA	10
CAJRAI010000162.1	7280	49810	73	ATATATATAT	10
CAJRAI010000162.1	114010	152160	75	ATATATATAT	10
CAJRAI010000174.1	740	59160	131	TATATATATA	10
CAJRAI010000172.1	18260	42350	59	ATATATATAT	10
CAJRAI010000172.1	52980	79710	53	TATATATATA	10
CAJRAI010000180.1	840	17270	51	TATATATATA	10
CAJRAI010000183.1	15170	18650	61	TATATATATA	10
CAJRAI010000187.1	1430	36030	79	ATATATATAT	10
CAJRAI010000181.1	52550	94780	76	TATATATATA	10
CAJRAI010000192.1	28330	68470	114	ATATATATAT	10
CAJRAI010000196.1	27640	47680	89	TATATATATA	10
CAJRAI010000193.1	107370	260730	59	ATATATATAT	10
CAJRAI010000201.1	4600	15310	72	TATATATATA	10
CAJRAI010000213.1	68820	108970	51	TATATATATA	10
CAJRAI010000195.1	19340	63770	74	TATATATATA	10
CAJRAI010000215.1	6130	23600	56	ATATATATAT	10
CAJRAI010000237.1	30250	43610	52	TATATATATA	10
CAJRAI010000252.1	44140	89540	61	ATATATATAT	10
CAJRAI010000252.1	392340	427540	68	ATATATATAT	10
CAJRAI010000266.1	490	21240	79	ATATATATAT	10
CAJRAI010000276.1	692670	762190	54	ATATATATAT	10
CAJRAI010000291.1	20250	59380	86	ATATATATAT	10
CAJRAI010000287.1	67260	78380	59	TATATATATA	10
CAJRAI010000287.1	92950	155790	101	ATATATATAT	10
CAJRAI010000293.1	11850	55080	89	ATATATATAT	10
CAJRAI010000295.1	196530	233400	96	ATATATATAT	10
CAJRAI010000299.1	13760	32120	53	TATATATATA	10
CAJRAI010000304.1	29470	77060	64	ATATATATAT	10
CAJRAI010000317.1	7380	30360	54	ATATATATAT	10
CAJRAI010000313.1	130220	154350	63	ATATATATAT	10
CAJRAI010000328.1	15400	32670	51	TATATATATA	10
CAJRAI010000334.1	141820	181520	83	ATATATATAT	10
CAJRAI010000334.1	181590	222370	66	ATATATATAT	10
CAJRAI010000335.1	69530	167650	80	ATATATATAT	10
CAJRAI010000335.1	174820	251360	59	TATATATATA	10
CAJRAI010000338.1	16200	31520	57	TATATATATA	10
CAJRAI010000348.1	470	79940	57	ATATATATAT	10
CAJRAI010000348.1	79960	113540	71	ATATATATAT	10
CAJRAI010000345.1	7340	20900	63	TATATATATA	10
CAJRAI010000352.1	7960	40260	98	ATATATATAT	10
CAJRAI010000364.1	550	8770	60	TATATATATA	10
CAJRAI010000362.1	22790	51060	62	TATATATATA	10
CAJRAI010000417.1	1210	11840	51	TATATATATA	10
CAJRAI010000417.1	19290	56000	81	TATATATATA	10
CAJRAI010000415.1	1820	30810	70	TATATATATA	10
OU015502.1	149183110	149204620	57	TATATATATA	10
OU015502.1	149210490	149223510	61	TATATATATA	10
OU015492.1	62940	117624	51	TATATATATATA	12
OU015494.1	220587852	220756752	53	TATATATATATA	12
OU015495.1	216438768	216580116	57	TATATATATATA	12
OU015496.1	125916	185580	51	TATATATATATA	12
OU015497.1	134664	190824	55	ATATATATATAT	12
OU015499.1	97368	150972	59	ATATATATATAT	12
OU015499.1	169345104	169408608	58	ATATATATATAT	12
CAJRAI010000031.1	9732	35232	57	TATATATATATA	12
CAJRAI010000032.1	26064	32772	213	ACATACATACAT	12
CAJRAI010000036.1	1572	26532	57	ATATATATATAT	12
CAJRAI010000039.1	4284	23508	63	ATATATATATAT	12
CAJRAI010000040.1	15096	24708	58	TATATATATATA	12
CAJRAI010000067.1	8556	21708	79	TATATATATATA	12
CAJRAI010000075.1	9636	64440	55	TATATATATATA	12
CAJRAI010000097.1	64920	98460	63	ATATATATATAT	12
CAJRAI010000108.1	17208	68352	89	TATATATATATA	12
CAJRAI010000141.1	48	48564	82	TATATATATATA	12
CAJRAI010000118.1	322392	364284	87	TATATATATATA	12
CAJRAI010000152.1	21624	30780	62	ATATATATATAT	12
CAJRAI010000163.1	12	26220	83	ATATATATATAT	12
CAJRAI010000163.1	26808	62640	73	ATATATATATAT	12
CAJRAI010000162.1	59556	103500	56	ATATATATATAT	12
CAJRAI010000172.1	2796	42348	55	ATATATATATAT	12
CAJRAI010000174.1	120	30972	61	TATATATATATA	12
CAJRAI010000183.1	16740	31224	58	TATATATATATA	12
CAJRAI010000181.1	79464	144816	58	TATATATATATA	12
CAJRAI010000192.1	1740	32568	57	ATATATATATAT	12
CAJRAI010000192.1	35316	64932	56	ATATATATATAT	12
CAJRAI010000196.1	27636	47760	68	TATATATATATA	12
CAJRAI010000193.1	107364	365772	57	ATATATATATAT	12
CAJRAI010000195.1	19260	84984	79	ATATATATATAT	12
CAJRAI010000266.1	516	20976	55	TATATATATATA	12
CAJRAI010000291.1	816	8472	198	ATGTATGTATGT	12
CAJRAI010000276.1	526824	758388	75	ATATATATATAT	12
CAJRAI010000287.1	78564	92604	56	ATATATATATAT	12
CAJRAI010000292.1	58392	110412	71	TATATATATATA	12
CAJRAI010000316.1	21612	31116	173	TACTTACTTACT	12
CAJRAI010000319.1	17232	23424	142	TGTATGTATGTA	12
CAJRAI010000339.1	215304	357468	55	ATATATATATAT	12
CAJRAI010000336.1	32988	97392	65	TATATATATATA	12
CAJRAI010000345.1	1920	36540	87	TATATATATATA	12
CAJRAI010000348.1	108384	169620	60	TATATATATATA	12
CAJRAI010000400.1	492	15372	56	TATATATATATA	12
CAJRAI010000415.1	1848	37644	78	TATATATATATA	12
CAJRAI010000417.1	11892	56004	76	TATATATATATA	12
OU015492.1	231458206	231517860	66	TATATATATATATA	14
OU015493.1	220238396	220959508	221	TATATATATATATA	14
OU015494.1	21994	472668	67	ATATATATATATAT	14
OU015494.1	220587850	220815378	52	ATATATATATATAT	14
OU015497.1	2506	119504	81	TATATATATATATA	14
OU015497.1	200038342	200237100	76	TATATATATATATA	14
OU015498.1	58856	489006	70	TATATATATATATA	14
OU015499.1	169224174	169292396	55	TATATATATATATA	14
CAJRAI010000017.1	5894	32788	62	ATATATATATATAT	14
CAJRAI010000031.1	9758	48454	62	ATATATATATATAT	14
CAJRAI010000050.1	33992	85148	58	ATATATATATATAT	14
CAJRAI010000097.1	57162	123018	99	TATATATATATATA	14
CAJRAI010000108.1	17220	101822	102	ATATATATATATAT	14
CAJRAI010000118.1	54782	135912	68	ATATATATATATAT	14
CAJRAI010000118.1	328356	364280	54	TATATATATATATA	14
CAJRAI010000142.1	21322	44604	58	TATATATATATATA	14
CAJRAI010000141.1	182	47362	53	ATATATATATATAT	14
CAJRAI010000152.1	26754	75754	63	TATATATATATATA	14
CAJRAI010000163.1	3626	65912	126	ATATATATATATAT	14
CAJRAI010000166.1	16212	30786	61	TATATATATATATA	14
CAJRAI010000162.1	114212	191898	67	ATATATATATATAT	14
CAJRAI010000172.1	44184	96054	65	TATATATATATATA	14
CAJRAI010000174.1	126	59150	75	TATATATATATATA	14
CAJRAI010000169.1	210	37016	71	ATATATATATATAT	14
CAJRAI010000181.1	5432	144816	101	TATATATATATATA	14
CAJRAI010000192.1	32480	76622	57	TATATATATATATA	14
CAJRAI010000193.1	58520	365778	52	ATATATATATATAT	14
CAJRAI010000196.1	27636	48034	56	TATATATATATATA	14
CAJRAI010000195.1	81550	242130	55	ATATATATATATAT	14
CAJRAI010000252.1	299992	419832	97	ATATATATATATAT	14
CAJRAI010000276.1	540680	762174	59	ATATATATATATAT	14
CAJRAI010000345.1	135898	282772	52	TATATATATATATA	14
CAJRAI010000352.1	4284	39270	58	ATATATATATATAT	14
CAJRAI010000348.1	476	169288	105	TATATATATATATA	14
CAJRAI010000417.1	11886	56112	64	TATATATATATATA	14
OU015502.1	12124	235732	57	TATATATATATATA	14
OU015503.1	4214	123102	60	TATATATATATATA	14
OU015492.1	231499152	231630784	95	TATATATATATATATA	16
OU015493.1	66640	244816	54	TATATATATATATATA	16
OU015494.1	21984	1066320	100	TATATATATATATATA	16
OU015496.1	107840	280640	95	ATATATATATATATAT	16
OU015496.1	210448256	210647312	57	TATATATATATATATA	16
OU015497.1	199853552	200177376	71	TATATATATATATATA	16
OU015500.1	11520	233824	52	TATATATATATATATA	16
OU015500.1	160146352	160507360	54	TATATATATATATATA	16
CAJRAI010000031.1	26752	56768	62	ATATATATATATATAT	16
CAJRAI010000032.1	25504	32752	155	ACATACATACATACAT	16
CAJRAI010000036.1	1648	41600	74	TATATATATATATATA	16
CAJRAI010000040.1	9040	46720	71	TATATATATATATATA	16
CAJRAI010000097.1	52368	100048	62	TATATATATATATATA	16
CAJRAI010000108.1	17232	106704	90	ATATATATATATATAT	16
CAJRAI010000152.1	21904	75712	68	TATATATATATATATA	16
CAJRAI010000163.1	3616	65904	103	ATATATATATATATAT	16
CAJRAI010000174.1	128	56128	51	TATATATATATATATA	16
CAJRAI010000162.1	5376	59232	62	ATATATATATATATAT	16
CAJRAI010000162.1	114128	191888	51	ATATATATATATATAT	16
CAJRAI010000166.1	9344	30784	52	TATATATATATATATA	16
CAJRAI010000195.1	8336	76672	60	TATATATATATATATA	16
CAJRAI010000252.1	299840	521616	112	ATATATATATATATAT	16
CAJRAI010000291.1	5984	8464	143	ATGTATGTATGTATGT	16
CAJRAI010000316.1	21600	30816	116	CTTACTTACTTACTTA	16
CAJRAI010000319.1	17232	23408	102	TGTATGTATGTATGTA	16
CAJRAI010000348.1	11744	169296	80	TATATATATATATATA	16
CAJRAI010000401.1	1664	67696	58	ATATATATATATATAT	16
CAJRAI010000396.1	8768	254864	66	TATATATATATATATA	16
OU015502.1	2048	321104	79	ATATATATATATATAT	16
OU015493.1	66366	341676	71	TATATATATATATATATA	18
OU015493.1	220243500	221094378	132	ATATATATATATATATAT	18
OU015494.1	21924	810468	63	ATATATATATATATATAT	18
OU015494.1	219768336	220819590	83	TATATATATATATATATA	18
OU015498.1	186472764	187395156	56	TATATATATATATATATA	18
OU015500.1	11520	489510	90	TATATATATATATATATA	18
CAJRAI010000108.1	17226	117018	75	TATATATATATATATATA	18
CAJRAI010000118.1	10134	159750	89	TATATATATATATATATA	18
CAJRAI010000118.1	250542	356580	69	ATATATATATATATATAT	18
CAJRAI010000152.1	21924	75708	52	TATATATATATATATATA	18
CAJRAI010000163.1	7902	62442	72	ATATATATATATATATAT	18
CAJRAI010000196.1	1548	47952	60	TATATATATATATATATA	18
CAJRAI010000265.1	24714	592398	58	ATATATATATATATATAT	18
CAJRAI010000335.1	25776	242406	53	TATATATATATATATATA	18
CAJRAI010000345.1	8964	99900	59	ATATATATATATATATAT	18
CAJRAI010000348.1	11754	180054	74	ATATATATATATATATAT	18
OU015490.1	125800	745680	70	ATATATATATATATATATAT	20
OU015492.1	12940	457920	67	ATATATATATATATATATAT	20
OU015492.1	231406140	231600740	87	TATATATATATATATATATA	20
OU015493.1	66680	341680	53	TATATATATATATATATATA	20
OU015493.1	220625060	221093780	56	ATATATATATATATATATAT	20
OU015494.1	21920	1060520	59	TATATATATATATATATATA	20
OU015498.1	7640	814800	97	ATATATATATATATATATAT	20
OU015499.1	21940	1231180	141	TATATATATATATATATATA	20
CAJRAI010000032.1	25500	32740	122	ACATACATACATACATACAT	20
CAJRAI010000108.1	17240	117020	62	TATATATATATATATATATA	20
CAJRAI010000118.1	10120	211820	117	ATATATATATATATATATAT	20
CAJRAI010000163.1	3640	64700	64	ATATATATATATATATATAT	20
CAJRAI010000172.1	880	95320	65	TATATATATATATATATATA	20
CAJRAI010000291.1	5980	8440	111	ATGTATGTATGTATGTATGT	20
CAJRAI010000316.1	21600	30740	90	CTTACTTACTTACTTACTTA	20
CAJRAI010000319.1	17220	23400	79	TGTATGTATGTATGTATGTA	20
CAJRAI010000348.1	11760	193220	67	TATATATATATATATATATA	20
OU015491.1	128700	756998	63	TATATATATATATATATATATA	22
OU015492.1	3784	457908	62	ATATATATATATATATATATAT	22
OU015492.1	231263384	231521620	89	ATATATATATATATATATATAT	22
OU015494.1	218850698	220748836	111	ATATATATATATATATATATAT	22
OU015497.1	199170026	200236938	87	TATATATATATATATATATATA	22
OU015500.1	58102	629332	62	ATATATATATATATATATATAT	22
OU015501.1	15884	791516	56	TATATATATATATATATATATA	22
CAJRAI010000118.1	15598	229482	105	ATATATATATATATATATATAT	22
CAJRAI010000118.1	232518	356554	55	ATATATATATATATATATATAT	22
CAJRAI010000163.1	3652	64702	53	ATATATATATATATATATATAT	22
CAJRAI010000162.1	6556	153890	66	ATATATATATATATATATATAT	22
CAJRAI010000345.1	1936	282744	69	TATATATATATATATATATATA	22
OU015502.1	6556	831512	100	TATATATATATATATATATATA	22
OU015491.1	238731816	239602296	86	ATATATATATATATATATATATAT	24
OU015492.1	6864	667344	70	TATATATATATATATATATATATA	24
OU015496.1	209768640	210646224	90	ATATATATATATATATATATATAT	24
OU015497.1	198090528	200236944	161	TATATATATATATATATATATATA	24
OU015499.1	21552	2354784	155	ATATATATATATATATATATATAT	24
OU015500.1	58104	993744	105	TATATATATATATATATATATATA	24
CAJRAI010000032.1	30048	32736	97	ACATACATACATACATACATACAT	24
CAJRAI010000118.1	24312	229488	83	ATATATATATATATATATATATAT	24
CAJRAI010000291.1	6000	8448	90	ATGTATGTATGTATGTATGTATGT	24
CAJRAI010000316.1	21576	30744	74	CTTACTTACTTACTTACTTACTTA	24
CAJRAI010000319.1	17208	23400	65	TGTATGTATGTATGTATGTATGTA	24
CAJRAI010000348.1	14640	228192	56	TATATATATATATATATATATATA	24
OU015502.1	6552	2282520	218	TATATATATATATATATATATATA	24
OU015502.1	148766208	149282040	128	TATATATATATATATATATATATA	24
OU015490.1	69836	1867736	155	ATATATATATATATATATATATATAT	26
OU015491.1	128700	1291316	88	ATATATATATATATATATATATATAT	26
OU015492.1	9880	667342	52	TATATATATATATATATATATATATA	26
OU015493.1	219560224	221017758	145	ATATATATATATATATATATATATAT	26
OU015495.1	101894	1127152	63	TATATATATATATATATATATATATA	26
OU015496.1	209757678	210646228	79	ATATATATATATATATATATATATAT	26
OU015497.1	198264820	200236842	113	TATATATATATATATATATATATATA	26
OU015499.1	70434	1229046	71	TATATATATATATATATATATATATA	26
OU015500.1	109070	936598	72	TATATATATATATATATATATATATA	26
OU015501.1	15886	1921166	90	ATATATATATATATATATATATATAT	26
CAJRAI010000118.1	24310	229476	60	ATATATATATATATATATATATATAT	26
OU015502.1	148903638	149282042	64	TATATATATATATATATATATATATA	26
OU015503.1	128747580	129947584	97	TATATATATATATATATATATATATA	26
OU015491.1	237527864	239606332	89	TATATATATATATATATATATATATATA	28
OU015495.1	101892	1167432	56	TATATATATATATATATATATATATATA	28
OU015496.1	209741588	210644840	56	TATATATATATATATATATATATATATA	28
OU015497.1	79212	481488	60	ATATATATATATATATATATATATATAT	28
OU015497.1	198459408	200236932	66	TATATATATATATATATATATATATATA	28
OU015498.1	53004	1673868	77	ATATATATATATATATATATATATATAT	28
CAJRAI010000032.1	30072	32508	75	CATACATACATACATACATACATACATA	28
CAJRAI010000118.1	24332	356552	73	ATATATATATATATATATATATATATAT	28
CAJRAI010000291.1	5992	8428	75	ATGTATGTATGTATGTATGTATGTATGT	28
CAJRAI010000316.1	21588	30716	61	CTTACTTACTTACTTACTTACTTACTTA	28
CAJRAI010000319.1	21616	23380	51	TGTATGTATGTATGTATGTATGTATGTA	28
OU015493.1	219058260	220978170	150	ATATATATATATATATATATATATATATAT	30
OU015496.1	208606440	210646200	119	ATATATATATATATATATATATATATATAT	30
OU015497.1	197858100	200234940	87	TATATATATATATATATATATATATATATA	30
OU015500.1	109050	1449390	81	ATATATATATATATATATATATATATATAT	30
OU015502.1	148533690	149271810	77	TATATATATATATATATATATATATATATA	30
